{"cameraMode":{"drawMode":0,"name":"Shaded","section":"Shading Mode"},"sceneLighting":true,"audioPlay":false,"sceneViewState":{"m_AlwaysRefresh":false,"showFog":true,"showSkybox":true,"showFlares":true,"showImageEffects":true,"showParticleSystems":true,"showVisualEffectGraphs":true,"m_FxEnabled":true},"in2DMode":false,"pivot":{"x":1.3520987033843995,"y":1.6044511795043946,"z":6.506086826324463},"rotation":{"x":-0.16239841282367707,"y":0.5854396224021912,"z":-0.12111562490463257,"w":-0.7850005030632019},"size":1.2247449159622193,"orthographic":false}