{"cameraMode":{"drawMode":0,"name":"Shaded","section":"Shading Mode"},"sceneLighting":true,"audioPlay":false,"sceneViewState":{"m_AlwaysRefresh":false,"showFog":true,"showSkybox":true,"showFlares":true,"showImageEffects":true,"showParticleSystems":true,"showVisualEffectGraphs":true,"m_FxEnabled":true},"in2DMode":false,"pivot":{"x":5.421163558959961,"y":8.110699653625489,"z":10.06668472290039},"rotation":{"x":0.04329908639192581,"y":0.09577150642871857,"z":0.004087148234248161,"w":-0.9945673942565918},"size":12.12435531616211,"orthographic":false}